run_number,success,apoapsis_km,periapsis_km,eccentricity,stage3_propellant_remaining,execution_time
1,False,180.9266397312409,157.09285941510188,0.07051007523628207,0.08858073346071625,0.016928911209106445
2,False,177.29778701787885,164.2123434390778,0.03831641410253949,0.06531856321020095,0.0009350776672363281
3,False,180.09494918225843,160.8330294445525,0.056498500989238434,0.06728367345280598,0.0009019374847412109
4,False,182.10555302353387,163.93982636940981,0.05249521518244691,0.08412053230369067,0.0008950233459472656
5,True,176.9471658872419,164.17890034543674,0.037429756344377556,0.06945263017072585,0.001026153564453125
