{
  "validation_passed": false,
  "success_count": 1,
  "total_runs": 5,
  "success_rate": 0.2,
  "success_threshold": 3,
  "total_execution_time": 0.021369218826293945,
  "statistics": {
    "apoapsis_km": {
      "mean": 176.9471658872419,
      "median": 176.9471658872419,
      "stdev": 0,
      "min": 176.9471658872419,
      "max": 176.9471658872419,
      "count": 1
    },
    "periapsis_km": {
      "mean": 164.17890034543674,
      "median": 164.17890034543674,
      "stdev": 0,
      "min": 164.17890034543674,
      "max": 164.17890034543674,
      "count": 1
    },
    "eccentricity": {
      "mean": 0.037429756344377556,
      "median": 0.037429756344377556,
      "stdev": 0,
      "min": 0.037429756344377556,
      "max": 0.037429756344377556,
      "count": 1
    },
    "stage3_propellant_remaining": {
      "mean": 0.06945263017072585,
      "median": 0.06945263017072585,
      "stdev": 0,
      "min": 0.06945263017072585,
      "max": 0.06945263017072585,
      "count": 1
    },
    "execution_time": {
      "mean": 0.004137420654296875,
      "median": 0.0009350776672363281,
      "stdev": 0.007150851448788701,
      "min": 0.0008950233459472656,
      "max": 0.016928911209106445,
      "count": 5
    }
  },
  "failed_runs": [
    1,
    2,
    3,
    4
  ],
  "timestamp": "2025-07-08 20:56:24",
  "config": {
    "target_runs": 5,
    "success_threshold": 3,
    "early_pitch_rate": 1.5,
    "final_target_pitch": 10.0,
    "stage3_ignition_offset": 0.0
  }
}