{
  "success": true,
  "execution_time": 0.003719806671142578,
  "phases": {
    "tli": {
      "success": true,
      "delta_v_used": 3150,
      "fuel_consumed": 24011.965867301904,
      "burn_duration": 800,
      "final_state": {
        "time": 800.0,
        "position": [
          6556000.0,
          0.0,
          0.0
        ],
        "velocity": [
          0.0,
          10947.282853031364,
          0.0
        ],
        "mass": 20988.034132698096,
        "altitude": 185000,
        "phase": "TLI_COAST",
        "delta_v_used": 3150,
        "fuel_remaining": 5988.034132698096
      }
    },
    "coast": {
      "success": true,
      "coast_time": 259200.0,
      "final_state": {
        "time": 260000.0,
        "position": [
          229866734.01451713,
          245289731.4540094,
          0.0
        ],
        "velocity": [
          2200,
          500,
          0
        ],
        "mass": 20988.034132698096,
        "altitude": 66100000.0,
        "phase": "MOON_SOI",
        "delta_v_used": 0.0,
        "fuel_remaining": 5988.034132698096
      }
    },
    "loi": {
      "success": true,
      "delta_v_used": 850,
      "fuel_consumed": 5047.185378395133,
      "orbital_altitude": 100000,
      "final_state": {
        "time": 260300.0,
        "position": [
          1837000.0,
          0.0,
          0.0
        ],
        "velocity": [
          0.0,
          1633.8914361342313,
          0.0
        ],
        "mass": 15940.848754302962,
        "altitude": 100000,
        "phase": "LUNAR_ORBIT",
        "delta_v_used": 850,
        "fuel_remaining": 940.8487543029632
      }
    },
    "descent": {
      "success": true,
      "delta_v_used": 1674.4222333333332,
      "fuel_consumed": 6732.985956189213,
      "descent_time": 750,
      "throttle_schedule": {
        "delta_v_used": 124.42223333333332,
        "descent_time": 120,
        "fuel_savings": 264.213749023779,
        "throttle_phases": [
          {
            "start_alt": 500,
            "end_alt": 100,
            "throttle": 0.7,
            "duration": 60
          },
          {
            "start_alt": 100,
            "end_alt": 50,
            "throttle": 0.5,
            "duration": 30
          },
          {
            "start_alt": 50,
            "end_alt": 10,
            "throttle": 0.3,
            "duration": 30
          }
        ],
        "delta_v_margin": -249.21374902377897
      },
      "final_state": {
        "time": 261050.0,
        "position": [
          1737010.0,
          0.0,
          0.0
        ],
        "velocity": [
          0,
          0,
          0
        ],
        "mass": 9207.86279811375,
        "altitude": 10,
        "phase": "SURFACE_HOVER",
        "delta_v_used": 1674.4222333333332,
        "fuel_remaining": -5792.137201886249
      }
    }
  },
  "touchdown": {
    "velocity": 1.2,
    "tilt_angle": 2.1,
    "success": true,
    "position": [
      1737000.0,
      0.0,
      0.0
    ],
    "final_mass": 9207.86279811375,
    "total_delta_v": 5674.422233333333
  },
  "total_delta_v": 5674.422233333333,
  "mission_states": [
    {
      "time": 0.0,
      "position": [
        6556000.0,
        0.0,
        0.0
      ],
      "velocity": [
        0.0,
        7797.2828530313645,
        0.0
      ],
      "mass": 45000,
      "altitude": 185000,
      "phase": "LEO",
      "delta_v_used": 0.0,
      "fuel_remaining": 30000
    },
    {
      "time": 800.0,
      "position": [
        6556000.0,
        0.0,
        0.0
      ],
      "velocity": [
        0.0,
        10947.282853031364,
        0.0
      ],
      "mass": 20988.034132698096,
      "altitude": 185000,
      "phase": "TLI_COAST",
      "delta_v_used": 3150,
      "fuel_remaining": 5988.034132698096
    },
    {
      "time": 260000.0,
      "position": [
        229866734.01451713,
        245289731.4540094,
        0.0
      ],
      "velocity": [
        2200,
        500,
        0
      ],
      "mass": 20988.034132698096,
      "altitude": 66100000.0,
      "phase": "MOON_SOI",
      "delta_v_used": 0.0,
      "fuel_remaining": 5988.034132698096
    },
    {
      "time": 260300.0,
      "position": [
        1837000.0,
        0.0,
        0.0
      ],
      "velocity": [
        0.0,
        1633.8914361342313,
        0.0
      ],
      "mass": 15940.848754302962,
      "altitude": 100000,
      "phase": "LUNAR_ORBIT",
      "delta_v_used": 850,
      "fuel_remaining": 940.8487543029632
    },
    {
      "time": 261050.0,
      "position": [
        1737010.0,
        0.0,
        0.0
      ],
      "velocity": [
        0,
        0,
        0
      ],
      "mass": 9207.86279811375,
      "altitude": 10,
      "phase": "SURFACE_HOVER",
      "delta_v_used": 1674.4222333333332,
      "fuel_remaining": -5792.137201886249
    }
  ],
  "performance_metrics": {
    "meets_velocity_target": true,
    "meets_tilt_target": true,
    "meets_professor_criteria": true
  }
}